"category_primary","abs_freq","rel_freq_annotated","rel_freq_corpus","pct_annotated","pct_corpus"
"values",9,0.3,0.013953488372093,30,1.4
"beliefs",8,0.266666666666667,0.0124031007751938,26.7,1.2
"customs",7,0.233333333333333,0.0108527131782946,23.3,1.1
"time",5,0.166666666666667,0.00775193798449612,16.7,0.8
"postcolonialism",1,0.0333333333333333,0.00155038759689922,3.3,0.2
